UNIXTIME,UPSV,UPSLW,LUX,UPSBAT,MCTMP,MCVCC,HUM,TEMP,PRE,INTEMP,TEMPS,HUMS,HUME,LPG,CO,TEMPN
1522962000,224.7,75.19,0,100,17.05,5.11,91.28,5.28,749.34,19.01,5.28,71.37,90.97,2.15,16,5.41
1522962300,225.9,82.88,0,100,17.07,5.11,91.76,5.28,749.37,19.14,5.28,71.54,91.47,3,10.8,5.44
1522962600,225.8,78.56,0,100,17.26,5.11,92.7,5.28,749.35,19.15,5.27,71.74,92.21,3,2,5.41
1522962900,226.3,76.69,0,100,17.08,5.12,94.02,5.25,749.33,18.93,5.23,71.97,93.21,2.15,11,5.36
1522963200,225.8,76.69,0,100,16.76,5.12,72.08,5.25,749.35,18.74,5.27,72.08,94.85,2.35,9.95,5.33
1522963500,225.3,77.25,0,100,16.69,5.12,72.15,5.25,749.32,18.59,5.25,72.15,97.43,2,6.15,5.26
1522963800,226.5,76.69,0,100,16.69,5.11,72.39,5.19,749.24,18.46,5.2,72.39,99.3,2,11,5.19
1522964100,226.8,75,0,100,16.51,5.12,72.72,5.17,749.21,18.43,5.14,72.72,100,2,11.4,5.18
1522964400,226.3,77.81,0,100,16.46,5.12,72.97,5.13,749.19,18.56,5.09,72.97,100,2,2,5.16
1522964700,227.1,76.31,0,100,16.71,5.12,73.24,5.06,749.2,18.6,5.05,73.24,100,2,9,5.1
1522965000,227.2,74.63,0,100,16.72,5.12,73.49,5.02,749.24,18.61,5,73.49,100,2.2,8.05,5.06
1522965300,228.1,73.88,0,100,16.62,5.12,73.55,4.98,749.24,18.66,5,73.55,100,2.45,6.55,5.03
1522965600,229,73.31,0,100,16.72,5.12,73.59,4.99,749.24,18.73,4.95,73.59,100,2.2,4,5
1522965900,229.2,73.13,0,100,16.97,5.11,73.75,4.94,749.23,18.86,4.92,73.75,100,2.85,8.6,5.01
1522966200,228,76.88,0,100,17.03,5.11,73.98,4.91,749.21,19.06,4.88,73.98,100,3,7.2,5.01
1522966500,228.3,74.81,0,100,16.99,5.11,74.19,4.87,749.17,19.13,4.87,74.19,100,3,9,5.03
1522966800,228.7,76.31,0,100,17.03,5.11,74.29,4.87,749.1,19.04,4.86,74.29,100,3,16,5.05
1522967100,228.4,78,0,100,17.13,5.11,74.47,4.85,749.07,19.09,4.82,74.47,100,3,6,5
1522967400,226.2,78,0,100,17.01,5.11,74.62,4.81,749.05,19.1,4.79,74.62,100,2.85,3.7,4.9
1522967700,227.2,77.81,0,100,16.99,5.11,74.6,4.79,749.03,19.09,4.79,74.6,100,2.45,11,4.84
1522968000,227,79.69,0,100,17.23,5.11,74.61,4.79,749.03,19.1,4.78,74.61,100,3,4,4.89
1522968300,227.7,77.63,0,100,17.17,5.11,74.62,4.78,749.03,19.1,4.77,74.62,100,2.65,4.3,4.87
1522968600,228,77.63,0,100,17.06,5.11,74.73,4.78,749.08,19.08,4.79,74.73,100,2,5.7,4.85
1522968900,228.2,76.69,0,100,16.98,5.12,74.72,4.79,749.15,19.01,4.79,74.72,100,2,7.65,4.84
1522969200,228.5,77.06,0,100,17.2,5.11,74.58,4.81,749.18,19.01,4.84,74.58,100,2,5.3,4.87
1522969500,228.1,80.63,0,100,17.12,5.11,74.4,4.86,749.16,19.07,4.88,74.4,100,2,3.8,4.91
1522969800,228.3,77.25,0,100,17.06,5.11,74.33,4.91,749.14,19.09,4.95,74.33,100,2,7.55,5
1522970100,228.6,79.69,0,100,17.22,5.11,74.46,4.93,749.14,19.02,4.91,74.46,100,2,2,4.98
1522970400,229.1,76.5,0,100,17.12,5.11,74.63,4.91,749.15,19,4.91,74.63,100,2,3.7,4.92
1522970700,230.1,76.5,0,100,17.07,5.11,74.67,4.92,749.14,19.02,4.94,74.67,100,2,7.4,4.97
1522971000,230.3,75.94,0,100,17,5.11,74.72,4.93,749.11,18.98,4.91,74.72,100,2,2,5.01
1522971300,227.8,92.63,0,100,17.09,5.11,74.96,4.88,749.09,18.92,4.84,74.96,100,2,2.3,4.95
1522971600,227.5,87.38,0,100,16.97,5.11,75.13,4.83,749.07,18.92,4.83,75.13,100,2.35,6.35,4.91
1522971900,226.7,78.56,0,100,16.98,5.11,75.07,4.84,749.03,19,4.85,75.07,100,3,2,4.92
1522972200,226.7,79.31,0,100,17.23,5.11,75.12,4.84,749,19.04,4.82,75.12,100,2.65,3.4,4.96
1522972500,226.3,78.75,0,100,17.24,5.11,75.36,4.8,748.96,19.02,4.78,75.36,100,2.15,11,4.95
1522972800,226,78.94,0,100,17.12,5.11,75.44,4.78,748.94,19.07,4.78,75.44,100,2.5,4,4.88
1522973100,227,80.06,0,100,17.05,5.12,75.41,4.79,748.94,19.08,4.79,75.41,100,3.15,6.1,4.88
1522973400,226,78.75,0,100,17.24,5.11,75.43,4.78,748.89,19.2,4.78,75.43,100,3,6,4.83
1522973700,226,78.75,0,100,17.25,5.11,75.53,4.74,748.89,19.28,4.74,75.53,100,7,11,4.77
1522974000,227.4,80.63,0,100,17.24,5.11,75.57,4.74,748.9,19.34,4.71,75.57,100,6.7,9.7,4.77
1522974300,226.9,78.56,0,100,17.46,5.11,75.76,4.68,748.88,19.45,4.68,75.76,100,5.3,8.25,4.69
1522974600,226.9,80.06,0,100,17.51,5.11,75.9,4.64,748.85,19.37,4.62,75.9,100,4,10.4,4.67
1522974900,227.6,79.69,0,100,17.31,5.11,75.9,4.64,748.83,19.27,4.68,75.9,100,3.7,5.9,4.65
1522975200,226.9,78.19,0,100,17.16,5.11,75.81,4.65,748.81,19.18,4.69,75.81,100,2.85,6,4.65
1522975500,227.6,80.25,0,100,17.24,5.11,75.75,4.65,748.79,19.1,4.68,75.75,100,2.55,9.7,4.65
1522975800,227.5,80.25,0,100,17.09,5.11,75.75,4.63,748.77,18.98,4.64,75.75,100,2,2,4.63
1522976100,227.5,78.94,0,100,16.78,5.12,75.75,4.56,748.78,18.84,4.64,75.75,100,2,3.5,4.56
1522976400,226.9,80.44,0,100,16.68,5.12,75.81,4.53,748.77,18.7,4.64,75.81,100,2,6.5,4.53
1522976700,225.7,79.5,0,100,16.62,5.11,75.89,4.51,748.74,18.5,4.6,75.89,100,2,7.05,4.51
1522977000,227.4,79.31,0,100,16.29,5.11,75.88,4.44,748.73,18.3,4.63,75.88,100,2,2.85,4.44
1522977300,228,79.13,0,100,16.04,5.12,75.94,4.39,748.75,18.11,4.58,75.94,100,2,8.05,4.39
1522977600,227.7,82.5,0,100,16.12,5.12,75.94,4.43,748.72,18.01,4.6,75.94,100,2,2,4.43
1522977900,227.4,80.44,0,100,16.14,5.12,75.99,4.39,748.66,18.02,4.54,75.99,100,2,6,4.39
1522978200,227.1,79.5,0,100,16.09,5.12,76.07,4.38,748.62,18.12,4.55,76.07,100,2,7.1,4.38
1522978500,227.2,79.69,0,100,16.2,5.12,76,4.42,748.59,18.27,4.56,76,100,2.7,11.15,4.42
1522978800,226.9,78.56,0,100,16.4,5.11,76.08,4.42,748.56,18.3,4.51,76.08,100,2.65,6.1,4.42
1522979100,226.7,81,0,100,16.31,5.11,76.32,4.4,748.55,18.3,4.46,76.32,100,2,9,4.4
1522979400,227.2,79.88,0,100,16.24,5.12,76.48,4.4,748.54,18.3,4.43,76.48,100,2,10.65,4.4
1522979700,226.9,80.44,0,100,16.31,5.11,76.66,4.41,748.52,18.3,4.4,76.66,100,2,2,4.41
1522980000,226.9,80.06,0,100,16.43,5.12,76.69,4.39,748.54,18.3,4.41,76.69,100,2,9,4.39
1522980300,227.8,80.25,0,100,16.31,5.12,76.64,4.41,748.53,18.3,4.4,76.64,100,2,8.7,4.42
1522980600,226.7,79.13,0,100,16.38,5.12,77.07,4.37,748.49,18.41,4.4,77.07,100,2.6,7.15,4.38
1522980900,228,82.5,0,100,16.81,5.11,77.9,4.25,748.42,18.74,4.3,77.9,100,3,9,4.25
1522981200,227.5,79.69,0,100,16.78,5.11,77.39,4.2,748.42,18.72,4.28,77.39,100,3,8.15,4.21
1522981500,226.6,81.19,0,100,16.68,5.11,77.31,4.14,748.43,18.66,4.32,77.31,100,3,2,4.14
1522981800,226.8,79.31,0.54,100,16.61,5.11,77.34,4.13,748.42,18.59,4.28,77.34,100,2.3,9,4.13
1522982100,227,79.13,4.31,100,16.69,5.12,77.35,4.12,748.4,18.52,4.27,77.35,100,2,13,4.12
1522982400,226.9,79.31,11.94,100,16.48,5.12,77.39,4.13,748.4,18.5,4.29,77.39,100,2,9.95,4.13
1522982700,227.5,78.75,16.14,100,16.49,5.12,77.4,4.16,748.41,18.58,4.28,77.4,100,2.7,6.6,4.16
1522983000,227.2,78.75,26.84,100,16.78,5.11,77.28,4.24,748.4,18.69,4.35,77.28,100,3,13,4.24
1522983300,227.6,79.13,41.71,100,16.7,5.11,77.22,4.19,748.35,18.67,4.3,77.22,100,3,7.85,4.19
1522983600,228.2,79.69,68.01,100,16.59,5.11,77.26,4.07,748.29,18.61,4.28,77.26,100,2.7,2.5,4.07
1522983900,227.9,79.13,103.54,100,16.48,5.12,77.44,4,748.23,18.58,4.18,77.44,100,2,5.15,4
1522984200,227.5,79.31,151.27,100,16.6,5.11,77.62,3.96,748.22,18.51,4.2,77.62,100,2,7.35,3.96
1522984500,227.6,78.56,217.09,100,16.51,5.12,77.48,4,748.22,18.51,4.21,77.48,100,2.15,9,4
1522984800,227.8,78.94,303,100,16.53,5.12,77.16,4.07,748.23,18.64,4.29,77.16,100,3.35,13,4.07
1522985100,227.8,78.75,374.83,100,16.86,5.11,76.94,4.06,748.21,18.79,4.31,76.94,100,4,12.55,4.06
1522985400,226.8,80.25,429.99,100,16.9,5.11,76.88,4.11,748.22,18.77,4.36,76.88,100,3.85,6.4,4.11
1522985700,227.5,77.81,458.35,100,16.76,5.11,76.52,4.17,748.2,18.71,4.51,76.52,100,3,4.7,4.17
1522986000,226.6,78.19,482.01,100,16.59,5.11,76.11,4.21,748.2,18.66,4.58,76.11,100,3,7.55,4.21
1522986300,225.7,78.75,517.21,100,16.69,5.11,75.95,4.23,748.18,18.6,4.62,75.95,100,3,6.9,4.23
1522986600,224.9,81.38,548.96,100,16.57,5.12,75.84,4.29,748.13,18.55,4.62,75.84,100,2.5,6,4.29
1522986900,225.8,82.13,610.92,100,16.46,5.11,75.75,4.34,748.08,18.5,4.68,75.75,100,2.35,5.35,4.34
1522987200,225.9,82.13,685.36,100,16.59,5.11,75.63,4.39,748.05,18.5,4.66,75.63,100,3,2,4.39
1522987500,226.3,80.63,770.94,100,16.64,5.11,75.57,4.45,748.05,18.5,4.67,75.57,100,2.35,6,4.45
1522987800,225.2,78.94,856.55,100,16.6,5.11,75.48,4.56,748.05,18.5,4.69,75.48,100,2,13,4.56
1522988100,222.8,80.25,917.77,100,16.49,5.12,75.18,4.53,748.05,18.5,4.77,75.18,100,2,9.2,4.53
1522988400,222.9,80.63,991.06,100,16.63,5.11,74.95,4.51,748.03,18.5,4.81,74.95,100,2,2,4.51
1522988700,222.5,80.06,1089.79,100,16.6,5.12,74.84,4.57,748.03,18.5,4.81,74.84,100,2,5.1,4.57
1522989000,222,80.06,1177.5,100,16.49,5.12,74.69,4.6,748.02,18.5,4.83,74.69,100,2.15,11.05,4.6
1522989300,222.7,80.06,1302.15,100,16.6,5.12,74.5,4.64,748.03,18.5,4.89,74.5,100,2,5.9,4.64
1522989600,223.7,79.69,1480.12,100,16.73,5.11,74.27,4.7,748.04,18.5,4.99,74.27,100,2,4.5,4.7
1522989900,223.7,79.5,1706.18,100,16.63,5.12,73.94,4.86,748.06,18.5,5.11,73.94,100,3,8.5,4.86
1522990200,222.5,80.44,1836.77,100,16.48,5.12,73.61,5,748.09,18.5,5.2,73.61,100,2.35,2,5
1522990500,223.2,82.31,1830.02,100,16.6,5.11,73.35,5.19,748.11,18.55,5.33,73.35,100,2,4.3,5.2
1522990800,224.6,80.63,1809.77,100,16.67,5.12,72.93,5.4,748.15,18.6,5.52,72.93,100,2,7.85,5.44
1522991100,222.1,82.5,1789,100,16.58,5.12,72.42,5.49,748.18,18.6,5.65,72.42,100,2.45,4,5.49
1522991400,221.8,81.56,1775.87,100,16.57,5.12,72.14,5.51,748.19,18.6,5.8,72.14,100,2.3,6.15,5.51
1522991700,221.7,85.69,1812.62,100,16.75,5.11,71.62,5.62,748.15,18.6,5.94,71.62,100,2.85,8.25,5.62
1522992000,222.5,82.5,1885.02,100,16.67,5.12,71.58,5.81,748.14,18.6,6.07,71.58,100,2.35,2,5.81
1522992300,221.4,80.63,1912.62,100,16.62,5.12,71.63,5.91,748.15,18.63,6.27,71.63,99.49,2.2,6,5.91
1522992600,222.3,80.06,1876.2,100,16.66,5.12,70.63,6.04,748.15,18.69,6.34,70.63,98.63,2.3,9.25,6.04
1522992900,225.1,79.13,1854.31,100,16.79,5.11,94.1,6.25,748.14,18.7,6.3,70.55,95.62,3,2,6.25
1522993200,224.5,97.5,1902.84,100,16.73,5.12,93.4,6.33,748.14,18.72,6.4,70.85,93.97,2.5,9,6.36
1522993500,224.6,83.25,2023.37,100,16.73,5.12,91.92,6.45,748.16,18.78,6.51,70.4,92.55,2.15,9.55,6.5
1522993800,221.9,79.69,2207.71,100,16.9,5.11,90.58,6.53,748.19,18.8,6.54,69.9,91.6,3,4,6.65
1522994100,222.9,79.13,2555.93,100,16.85,5.11,89.28,6.57,748.18,18.8,6.61,69.91,90.09,3,4.65,6.75
1522994400,226,75.56,3088.96,100,16.81,5.11,88.13,6.64,748.18,18.8,6.73,69.93,88.81,3,9,6.85
1522994700,226.3,75.19,3642.76,100,16.76,5.12,84.95,6.86,748.16,18.8,7.01,69.32,86.65,3,11.25,7.14
1522995000,226.3,75.56,3940.04,100,16.93,5.11,80.39,7.08,748.13,18.8,7.23,68.48,82.6,3,2,7.59
1522995300,225.5,76.31,4116.81,100,16.88,5.11,79.58,7.35,748.1,18.86,7.48,67.76,80.07,2.1,6,8.01
1522995600,225.4,76.13,3968.05,100,16.86,5.12,78.05,7.55,748.05,18.9,7.65,67.06,79.13,2.65,9,8.31
1522995900,224.9,77.25,3513.39,100,17.04,5.11,74.95,7.7,747.98,18.9,7.77,66.63,76.42,2.85,5.5,8.54
1522996200,224.9,76.5,3580.34,100,17.02,5.11,74.4,7.81,747.92,18.9,7.85,66.22,74.59,2,9,8.58
1522996500,223.2,78.94,3944.98,100,16.9,5.11,75.47,7.85,747.91,18.9,7.84,66.06,74.85,2.7,4,8.48
1522996800,223.7,78.19,4298.17,100,16.85,5.11,75.39,7.83,747.92,18.9,7.82,66.1,75.54,3,3.8,8.42
1522997100,222.8,77.63,4668.35,100,16.97,5.11,75.18,7.8,747.96,18.9,7.78,66.15,75.32,2.45,3.3,8.48
1522997400,224.3,76.88,5361.06,100,16.86,5.11,74.82,7.79,747.96,18.9,7.84,66.17,75.08,2.65,13,8.55
1522997700,224.3,79.5,6398.62,100,16.84,5.11,73.93,7.94,747.92,18.95,8.09,65.62,74.48,2.8,2,8.69
1522998000,225,80.25,8278.21,100,17.14,5.11,72.24,8.17,747.93,19.01,8.31,64.98,73.24,2.5,4.05,8.96
1522998300,225.6,79.31,9813.05,100,17.21,5.11,70.51,8.42,747.92,19.1,8.59,64.3,71.79,2.15,6.5,9.24
1522998600,224.8,77.44,11326.16,100,17.2,5.11,68.17,8.7,747.95,19.21,8.88,63.45,69.61,3,8.5,9.78
1522998900,224.3,76.5,11838.72,100,17.22,5.11,65.67,8.98,747.95,19.35,9.11,62.73,67.14,2.5,3.2,10.29
1522999200,225,75.38,11979.43,100,17.56,5.11,65.81,9.14,747.91,19.51,9.17,62.49,65.76,2.1,11,10.56
1522999500,223.2,75.56,11118.03,100,17.66,5.11,62.91,9.18,747.86,19.68,9.19,62.41,64.83,3,2,10.9
1522999800,224.3,75,9975.09,100,17.69,5.11,62.35,9.18,747.83,19.82,9.14,62.53,62.68,2.85,6,11.23
1523000100,225.3,74.63,11320.26,100,17.91,5.11,62.25,9.12,747.82,19.92,9.11,62.79,62.39,3,11,11.33
1523000400,224.7,75.19,13553.47,100,18.1,5.11,61.09,9.16,747.82,20.02,9.25,62.68,61.61,3,10.65,11.4
1523000700,221.9,76.13,15807.76,100,18.06,5.11,60.89,9.3,747.82,20.12,9.33,62.37,60.86,3,2,11.58
1523001000,224.3,74.81,19140.49,100,18.08,5.11,59.44,9.32,747.79,20.25,9.31,62.44,60.57,2.35,11,11.77
1523001300,225,75.38,21920.3,100,18.41,5.11,54.63,9.34,747.77,20.41,9.4,62.29,57.39,2.7,9.6,12.78
1523001600,223.6,73.13,19856.41,100,18.55,5.11,51.85,9.43,747.77,20.63,9.46,62.19,53.68,3,5.5,13.74
1523001900,224.8,75,28186.3,100,18.66,5.11,48.51,9.48,747.75,20.88,9.52,62.2,50.84,3,9,14.54
1523002200,225.3,72.38,28717.09,100,19.07,5.11,46.24,9.59,747.72,21.2,9.69,61.76,47.76,3,8.65,15.35
1523002500,224.6,72.94,29891.46,100,19.72,5.11,47.22,9.73,747.67,21.55,9.79,61.49,46.29,3,6.6,15.63
1523002800,225.2,72.94,29417.53,100,20.01,5.11,46.55,9.82,747.62,21.88,9.87,61.11,47.38,3,9,15.09
1523003100,226.1,70.69,32056.3,100,20.24,5.11,43.81,9.9,747.57,22.19,9.93,60.67,45.55,3,16,15.77
1523003400,226.8,69.75,32256.32,100,20.64,5.11,43.17,9.95,747.58,22.46,9.99,60.34,43.57,3,10.2,16.28
1523003700,227,69.19,29026.33,100,21.04,5.11,42.24,10.03,747.62,22.72,10.1,59.97,42.74,3,9,16.5
1523004000,226.2,69.38,26681.37,100,21.07,5.11,44.43,10.17,747.64,22.84,10.27,59.67,42.68,3,16,16.56
1523004300,225.4,70.5,19419.77,100,21.2,5.11,46.2,10.33,747.64,22.99,10.42,59.26,45.1,3.85,10.2,15.91
1523004600,225.3,72.38,24671.63,100,21.57,5.1,44.26,10.51,747.62,23.19,10.6,58.91,45.88,4,4.05,15.9
1523004900,225.8,70.13,29525.46,100,21.81,5.1,39.62,10.63,747.58,23.57,10.69,58.53,42.68,4,19,16.92
1523005200,225.7,71.25,28952.42,100,22.5,5.1,38.26,10.71,747.54,24.19,10.74,58.26,39.11,4,12.25,17.93
1523005500,225.8,70.69,28909.54,100,23.19,5.1,38.39,10.77,747.55,24.74,10.82,58.19,38.27,3.85,5.75,18.05
1523005800,225.8,69.94,28621.28,100,23.91,5.1,40.21,10.86,747.55,25.28,10.89,58.17,39.26,3,14,17.45
1523006100,225.6,69.75,26740.85,100,24.27,5.1,40.83,10.96,747.49,25.72,11.06,57.78,40.46,3.35,12.55,16.98
1523006400,226.1,69.56,20712.92,100,24.64,5.1,40.67,11.12,747.41,26.04,11.22,57.21,40.75,3,6.55,17.03
1523006700,225.7,69,20941.86,100,25.16,5.1,39.58,11.29,747.4,26.31,11.38,56.92,40.3,3,11,17.16
1523007000,226.1,66.19,21941.7,100,25.3,5.1,38.3,11.42,747.34,26.6,11.5,56.65,39.05,3,10.35,17.51
1523007300,226,66.38,23381.25,100,25.51,5.1,36.03,11.88,747.3,26.89,11.69,56.17,37.79,3,7.75,17.99
1523007600,226.1,64.88,23576.77,100,25.87,5.1,33.2,11.77,747.28,27.15,11.89,55.55,35.02,3,9,19.18
1523007900,226,64.69,20236.25,100,26.16,5.1,33.33,11.9,747.27,27.31,11.94,55.23,33.33,3,8.1,19.64
1523008200,226.3,65.06,17761.28,100,26.22,5.1,33.5,11.94,747.3,27.48,11.98,55.14,33.36,3,2,19.47
1523008500,225.9,64.5,15891.55,100,26.13,5.1,33.22,12.03,747.28,27.48,12.1,54.86,33.43,3,9,19.43
1523008800,226.3,63.75,18787.51,100,26,5.1,34,12.12,747.23,27.12,12.16,54.6,33.46,3,9,19.26
1523009100,225.8,63.38,21855.4,100,25.58,5.1,34.28,12.19,747.2,26.8,12.23,54.27,34.53,3,6,18.77
1523009400,226,65.25,21014.09,100,25.21,5.1,33.33,12.26,747.16,26.55,12.29,53.95,33.94,3,4.9,19.34
1523009700,226.2,62.44,18649.09,100,24.87,5.1,31.55,12.31,747.15,26.32,12.35,53.83,32.6,3,19,19.9
1523010000,226.3,64.5,21051.29,100,24.88,5.1,31.69,12.4,747.11,26.2,12.48,53.54,31.64,3,6,19.94
1523010300,225.9,65.06,19318.53,100,24.77,5.1,32.58,12.53,747.08,26.19,12.61,53.11,32.18,3,4.3,19.69
1523010600,226,64.69,23895.34,100,24.78,5.1,32.23,12.66,747.09,26.25,12.73,52.96,32.39,3,7.25,19.71
1523010900,226.3,65.25,29334.75,100,25.13,5.1,33.01,12.76,747.06,26.42,12.83,52.94,32.74,3,12.25,19.55
1523011200,226.2,64.69,29585.14,100,25.27,5.1,32.28,12.88,747.02,26.52,12.98,52.73,32.67,3,7.4,19.68
1523011500,226.1,65.25,30032.87,100,25.29,5.1,33.24,13.04,746.95,26.59,13.13,52.25,32.7,3,7,19.42
1523011800,226.8,63.19,30512.42,100,25.26,5.1,32.86,13.17,746.9,26.7,13.23,51.87,33.33,3,8.65,19.2
1523012100,226.1,64.88,26464.82,100,25.63,5.1,32.72,13.29,746.85,26.85,13.36,51.7,32.64,3,2,19.53
1523012400,226.1,65.06,25198.73,100,25.66,5.1,33.95,13.39,746.81,26.95,13.45,51.45,33.18,3,6,19.12
1523012700,225,66.19,20702.9,100,25.71,5.1,34.07,13.49,746.79,27.09,13.54,50.91,33.88,3.7,9.9,18.73
1523013000,225,63.56,10573.3,100,25.94,5.1,36.31,13.56,746.72,27.23,13.57,50.44,34.89,3.3,2,18.15
1523013300,225,64.5,7762.73,100,25.92,5.1,37.22,13.58,746.67,27.17,13.59,50.34,36.48,3,3,17.46
1523013600,225.7,62.25,7495.25,100,25.63,5.1,38.27,13.63,746.66,27.02,13.71,50.14,37.56,3,14,17
1523013900,225.6,63.38,5747.56,100,25.43,5.1,39.69,13.83,746.63,26.93,14.01,49.45,38.85,3,2,16.57
1523014200,225.8,61.88,6363.37,100,25.5,5.1,39.93,14.12,746.59,26.9,14.31,48.7,39.82,3,6,16.34
1523014500,224.7,61.88,15591.54,100,25.5,5.1,39.01,14.42,746.58,26.92,14.55,48,39.47,3,9.1,16.49
1523014800,225.2,62.06,17229.8,100,25.47,5.1,37.3,14.59,746.53,27.03,14.64,47.49,38.4,3,8.45,16.84
1523015100,225.6,78,19448.53,100,25.89,5.1,33.39,14.65,746.48,27.31,14.65,47.37,35.29,3,4.55,18.04
1523015400,225.3,60.94,19362.94,100,26.36,5.09,31.8,14.65,746.41,27.54,14.65,47.6,32.74,3,14,19.1
1523015700,224.6,60.56,14716.02,100,26.34,5.09,30.24,14.66,746.32,27.66,14.68,47.59,31.2,3,6,19.88
1523016000,225.5,60.75,11028.68,100,26.35,5.1,29.8,14.66,746.26,27.75,14.6,47.65,30.02,3,2,20.5
1523016300,224.2,60.75,9761.62,100,26.41,5.1,29.77,14.55,746.21,27.72,14.48,48.09,29.81,3,9,20.57
1523016600,225.3,60.75,8129.2,100,26.32,5.09,30.97,14.46,746.19,27.61,14.43,48.27,30.15,3,11.8,20.2
1523016900,225.7,60.75,9746.14,100,26.11,5.1,32.9,14.36,746.17,27.54,14.23,48.35,31.99,3,6,19.29
1523017200,224.8,58.31,10336.66,100,26.06,5.1,34.59,14.14,746.1,27.53,14.02,48.66,33.61,3,5.15,18.46
1523017500,225.2,58.31,8092.2,100,26.18,5.1,35.62,13.99,746.03,27.5,13.98,48.9,34.95,3,10.2,18.09
1523017800,225.9,59.81,7638.95,100,26.03,5.09,35.22,14.01,745.94,27.42,14.04,48.84,35.5,3,2,18.13
1523018100,225.7,58.5,7074.1,100,25.87,5.1,35.85,14.03,745.87,27.39,14,48.82,35.41,3,4.35,17.99
1523018400,226.1,59.44,5988.93,100,25.83,5.1,36.36,13.99,745.8,27.33,13.99,48.85,35.98,3,11.65,17.7
1523018700,226,60.19,5415.56,100,25.9,5.1,36.58,14,745.72,27.27,14.01,48.81,36.54,3,2,17.55
1523019000,225.9,60.38,6437.61,100,25.71,5.1,36.63,14.02,745.65,27.21,14.05,48.79,36.47,2.65,3.8,17.63
1523019300,225.8,61.31,5997.42,100,25.61,5.1,37.31,14.07,745.57,27.18,14.11,48.67,36.87,2.65,14,17.37
1523019600,225.6,61.69,4711.06,100,25.81,5.09,37.71,14.13,745.48,27.11,14.16,48.6,37.65,3,2,17.22
1523019900,225.6,61.13,3923.53,100,25.68,5.1,38.04,14.17,745.44,27.04,14.19,48.61,37.71,2.8,6,17.18
1523020200,225.3,60.38,3339.94,100,25.53,5.1,39.74,14.17,745.42,26.98,14.13,48.6,38.72,3,16,16.72
1523020500,225.6,57.75,3106.73,100,25.38,5.1,40.29,14.11,745.35,26.92,14.09,48.68,40.2,3,10.95,16.33
1523020800,226,59.44,2759.32,100,25.46,5.09,39.6,14.09,745.23,26.84,14.08,48.79,39.85,3,3.2,16.5
1523021100,226,59.25,2486.83,100,25.31,5.1,40.98,14.05,745.1,26.78,13.98,48.95,40.06,3,14,16.44
1523021400,226.2,60,2485.84,100,25.18,5.1,42.22,13.92,745.02,26.72,13.83,49.18,41.41,3,6,15.99
1523021700,226.3,57.75,2651.7,100,25.42,5.1,42.28,13.82,745.05,26.7,13.84,49.15,42.29,3,7.15,15.59
1523022000,226.8,57.19,2763.62,100,25.29,5.1,41.61,13.92,745.13,26.65,14.07,48.64,42.05,3,11,15.72
1523022300,226,58.69,2805.27,100,25.19,5.1,41.32,14.18,745.18,26.63,14.35,48.2,41.5,3,11.7,15.87
1523022600,225.9,90,2812.7,100,25.08,5.1,41.26,14.42,745.19,26.62,14.53,47.95,41.35,3,1,15.87
1523022900,227.3,59.81,2921.55,100,25.29,5.1,41.84,14.55,745.15,26.6,14.56,47.65,41.4,2.3,9,15.8
1523023200,227.1,57.75,3040.33,100,25.18,5.1,42.48,14.54,745.12,26.6,14.54,47.36,42.06,2.5,8.4,15.51
1523023500,227.4,93.75,2930.85,100,25.04,5.1,42.77,14.56,745.06,26.54,14.61,47.18,42.64,3,6.35,15.36
1523023800,227.6,63.56,2621.18,100,25.18,5.1,42.44,14.63,744.99,26.5,14.62,47.19,42.65,2.1,6,15.42
1523024100,227.7,57.94,2249.67,100,25.19,5.1,42.87,14.57,744.92,26.5,14.5,47.28,42.61,2.5,7,15.35
1523024400,227.8,57.94,1872.13,100,24.99,5.1,43.42,14.45,744.83,26.44,14.39,47.31,43.16,3,9.7,15.15
1523024700,227.8,58.13,1555.49,100,24.88,5.1,44.03,14.34,744.78,26.4,14.28,47.49,43.65,2.8,4.5,15.01
1523025000,227.4,58.5,1375.7,100,25.03,5.1,44.38,14.26,744.76,26.36,14.26,47.55,44.12,3,19,14.82
1523025300,227.3,59.81,1288.34,100,24.96,5.1,44.71,14.28,744.7,26.31,14.35,47.26,44.48,2.5,11.75,14.68
1523025600,228,58.13,1147.91,100,24.77,5.1,44.96,14.44,744.66,26.25,14.53,46.68,44.8,2,9,14.59
1523025900,227.3,59.06,939.46,100,24.83,5.1,45.58,14.45,744.62,26.2,14.39,46.76,45.17,3,14,14.45
1523026200,227.1,59.63,850.79,100,24.85,5.1,45.76,14.24,744.56,26.18,13.99,47.54,45.63,2.8,8.25,14.31
1523026500,226.8,58.69,802.43,100,24.72,5.1,46.42,13.83,744.54,26.11,13.65,48.36,46.1,2.45,2,14.17
1523026800,226.9,57.94,737.34,100,24.57,5.1,47.1,13.56,744.51,26.09,13.43,48.94,46.76,2,3.2,14.05
1523027100,226.8,59.06,702.51,100,24.65,5.1,47.74,13.33,744.47,26.02,13.2,49.6,47.37,2.85,9.25,13.91
1523027400,225.5,60,670.71,100,24.61,5.1,47.94,13.11,744.46,25.96,13.01,50.3,47.81,2.8,3.8,13.8
1523027700,227.2,59.63,606.82,100,24.45,5.1,48.43,12.97,744.49,25.91,12.91,50.73,48.16,2.85,3.2,13.76
1523028000,227,60.19,545.04,100,24.43,5.1,48.83,12.87,744.49,25.9,12.8,51.13,48.58,3,10.25,13.6
1523028300,226.5,60,492.22,100,24.57,5.1,49.55,12.75,744.42,25.9,12.67,51.36,49.1,3,7.15,13.43
1523028600,226.2,59.06,465.26,100,24.44,5.1,49.95,12.6,744.37,25.88,12.49,51.69,49.69,2.5,3.6,13.33
1523028900,226,62.06,437.25,100,24.3,5.1,50.31,12.45,744.39,25.82,12.4,52.04,50.12,2.5,7.8,13.25
1523029200,225.6,60.94,375.98,100,24.38,5.1,50.51,12.38,744.36,25.8,12.36,52.21,50.42,3,2,13.18
1523029500,225.5,62.25,291.06,100,24.38,5.1,50.76,12.34,744.29,25.78,12.3,52.46,50.6,2.5,3.2,13.09
1523029800,225.5,61.31,220.38,100,24.23,5.1,51.13,12.25,744.24,25.71,12.17,52.71,50.98,2.5,7.9,13.03
1523030100,225.8,62.44,177.96,100,24.21,5.1,51.48,12.13,744.22,25.7,12.08,53.09,51.28,3,1,13
1523030400,224.7,65.63,147.88,100,24.35,5.1,51.85,12.04,744.25,25.68,11.98,53.52,51.64,3,1.95,12.91
1523030700,225.2,64.31,119.29,100,24.21,5.1,52.23,11.94,744.27,25.61,11.86,53.79,52.03,3,5.05,12.82
1523031000,224.7,65.25,79.05,100,24.07,5.1,52.63,11.86,744.22,25.6,11.85,53.76,52.41,3,10,12.76
1523031300,223.5,66.75,49.8,100,24.08,5.1,53.46,11.83,744.19,25.54,11.78,54.02,53.01,2.85,3.6,12.67
1523031600,223.3,64.88,35.04,100,24.09,5.1,54,11.75,744.16,25.49,11.69,54.38,53.67,2,4.65,12.51
1523031900,222.2,66,23.41,100,23.86,5.1,54.98,11.64,744.15,25.39,11.54,54.86,54.32,2.8,9.7,12.41
1523032200,221.6,66.19,14.09,100,23.62,5.1,56.18,11.49,744.15,25.21,11.42,55.39,55.39,2.45,2,12.31
1523032500,221.9,64.13,7.71,100,23.63,5.1,57.09,11.39,744.14,25.02,11.34,55.76,56.5,2,4.65,12.2
1523032800,222.3,64.5,0.42,100,23.28,5.1,58.38,11.31,744.1,24.78,11.26,56.37,57.66,2.7,7.2,12.07
1523033100,222.2,65.06,0,100,23.05,5.1,59.36,11.23,744.13,24.64,11.18,56.9,58.63,2.5,5.2,11.95
1523033400,223.2,64.69,0,100,22.89,5.11,60.05,11.14,744.21,24.53,11.08,57.22,59.54,2,6.35,11.81
1523033700,223.8,63.94,0,100,22.87,5.11,60.91,11.05,744.25,24.36,11.01,57.72,60.34,2.65,9.1,11.69
1523034000,222.1,65.06,0,100,22.61,5.11,61.5,10.98,744.29,24.25,10.93,58.32,61.14,2.3,2,11.62
1523034300,222.9,65.06,0,100,22.36,5.11,62.75,10.9,744.3,24.12,10.86,58.57,62.04,2,3.8,11.51
1523034600,222.6,65.06,0,100,22.45,5.1,63.48,10.85,744.23,23.98,10.84,58.71,62.94,2.35,9.15,11.44
1523034900,222,65.63,0,100,22.32,5.1,64.18,10.83,744.24,23.9,10.81,58.99,63.73,3,2,11.32
1523035200,222.6,64.31,0,100,22.11,5.1,65.21,10.8,744.2,23.82,10.79,59.25,64.57,2.15,4.2,11.31
1523035500,222.7,101.25,0,100,21.93,5.11,65.87,10.78,744.15,23.77,10.75,59.52,65.41,2.35,8.5,11.24
1523035800,223.5,65.63,0,100,22.05,5.11,66.64,10.73,744.13,23.68,10.69,59.94,66.09,3,2,11.19
1523036100,222.7,65.25,0,100,21.83,5.11,67.32,10.67,744.07,23.56,10.64,60.32,66.86,2.45,3.7,11.2
1523036400,222.8,65.06,0,100,21.66,5.11,67.91,10.63,744.07,23.47,10.61,60.7,67.57,2.2,6.85,11.18
1523036700,223.4,64.13,0,100,21.75,5.11,68.13,10.6,744.05,23.38,10.59,61.02,67.99,3,12.55,11.09
1523037000,224.4,83.44,0,100,21.73,5.1,68.76,10.58,744.04,23.29,10.59,61.17,68.42,2.7,7.25,11.04
1523037300,224,63.94,0,100,21.5,5.11,69.18,10.6,744.04,23.22,10.63,61.12,68.88,2.35,5.65,11.02
1523037600,222.8,64.69,0,100,21.32,5.11,69.67,10.64,744.02,23.14,10.64,61.1,69.34,3,4,10.97
1523037900,223.7,67.88,0,100,21.42,5.11,69.96,10.63,744,23.06,10.6,61.31,69.74,2.5,2,10.86
1523038200,224,66.75,0,100,21.29,5.11,70.22,10.6,743.96,22.97,10.62,61.5,70.05,2,9,10.85
1523038500,223.8,64.88,0,100,21.05,5.11,70.31,10.62,743.92,22.9,10.6,61.56,70.28,2.7,9.65,10.82
1523038800,225.3,64.5,0,100,21.14,5.11,70.42,10.6,743.9,22.9,10.59,61.68,70.31,2.65,2,10.83
1523039100,225,64.88,0,100,21.2,5.11,70.69,10.57,743.88,22.85,10.53,61.85,70.51,2,9,10.81
1523039400,224.5,66,0,100,21,5.11,70.74,10.52,743.93,22.77,10.51,61.93,70.72,2.7,10,10.76
1523039700,223.8,64.69,0,100,20.85,5.11,70.85,10.51,743.95,22.71,10.51,61.88,70.78,2.8,2,10.73
1523040000,224.2,64.69,0,100,20.94,5.11,70.89,10.51,743.9,22.65,10.51,61.81,70.87,2.3,4.5,10.65
1523040300,222.8,67.13,0,100,20.92,5.11,70.91,10.5,743.88,22.6,10.49,61.96,70.88,2.5,9.3,10.64
1523040600,223,65.25,0,100,20.73,5.11,71.29,10.45,743.88,22.57,10.38,62.25,71.02,2.3,2,10.62
1523040900,223.9,64.69,0,100,20.74,5.11,72.47,10.36,743.88,22.51,10.32,62.94,71.63,2,3.95,10.62
1523041200,224.1,65.44,0,100,20.91,5.11,72.96,10.29,743.85,22.51,10.24,64.17,72.63,2.15,16,10.59
1523041500,223,65.44,0,100,20.83,5.11,73.26,10.23,743.83,22.58,10.23,65.23,73.05,3,2,10.55
1523041800,222.8,64.31,0,100,20.88,5.11,73.47,10.23,743.85,22.7,10.21,65.58,73.38,2.3,3,10.56
1523042100,224.1,65.06,0,100,21.09,5.11,72.82,10.21,743.91,22.69,10.21,65.44,73.22,2.15,11,10.58
1523042400,223.9,63.94,0,100,20.98,5.11,71.76,10.2,743.95,22.52,10.19,65.01,72.38,3,1,10.59
1523042700,224.3,64.31,0,100,20.59,5.11,71.04,10.2,743.96,22.32,10.21,64.33,71.52,2.85,3,10.7
1523043000,225.3,64.5,0,100,20.39,5.11,70.71,10.25,744,22.14,10.3,63.46,70.81,3,11,10.74
1523043300,225.1,66.56,0,100,20.44,5.11,69.83,10.33,744.04,21.99,10.35,62.92,70.47,3,11.45,10.78
1523043600,226.1,64.69,0,100,20.15,5.11,69.69,10.37,744.05,21.86,10.41,62.43,69.8,3,2,10.82
1523043900,225.9,65.44,0,100,19.91,5.11,71.36,10.46,744.07,21.75,10.53,62.11,70.37,2.3,5.45,10.89
1523044200,226,63.94,0,100,19.88,5.11,75.32,10.56,744.09,21.66,10.55,63.25,73.28,2.5,10.45,10.87
1523044500,226.1,65.06,0,100,19.93,5.11,77.3,10.51,744.06,21.58,10.4,65.03,75.98,3,2,10.71
1523044800,226,66.38,0,100,19.78,5.11,80.92,10.36,744.08,21.51,10.34,66.11,78.87,2.3,9,10.65
1523045100,226.6,64.69,0,100,19.64,5.11,83.71,10.32,744.12,21.45,10.3,67.19,81.73,2.55,10.15,10.58
1523045400,226.8,65.06,0,100,19.79,5.11,85.97,10.28,744.13,21.41,10.26,68.36,84.5,3,7.65,10.45
1523045700,227.5,63.94,0,100,19.65,5.11,93.15,10.25,744.14,21.4,10.25,69.37,87.61,3,6,10.38
1523046000,227.9,64.88,0,100,19.52,5.11,70.45,10.23,744.14,21.35,10.21,70.45,95.44,3,16,10.38
1523046300,227.8,65.25,0,100,19.43,5.11,71.88,10.19,744.19,21.3,10.15,71.88,99.8,3,10.2,10.42
1523046600,225.3,66.56,0,100,19.57,5.11,74.23,10.15,744.3,21.3,10.1,74.23,100,2.85,2,10.32
1523046900,224.4,68.63,0,100,19.4,5.11,76.65,10.03,744.34,21.27,9.94,76.65,100,2.5,13,10.16
1523047200,224.4,67.31,0,100,19.27,5.11,77.38,9.87,744.38,21.21,9.79,77.38,100,3,9.15,9.9
1523047500,223.6,68.25,0,100,19.42,5.11,77.41,9.64,744.45,21.2,9.64,77.41,100,3,9,9.64
1523047800,225.1,66,0,100,19.37,5.11,78.33,9.45,744.55,21.2,9.44,78.33,100,3,13,9.45
1523048100,226.7,64.31,0,100,19.28,5.11,79.42,9.24,744.63,21.2,9.28,79.42,100,3,10.2,9.24
1523048400,225.8,65.06,0,100,19.21,5.11,79.82,8.97,744.75,21.16,9.03,79.82,100,2.85,6,8.97
1523048700,227.5,67.5,0,100,19.31,5.11,79.52,8.71,744.89,21.1,8.76,79.52,100,2.9,11,8.71
1523049000,227.4,65.63,0,100,19.14,5.11,78.67,8.42,744.95,21.1,8.53,78.67,100,3,11.4,8.42
1523049300,228.7,64.88,0,100,19.06,5.11,73.28,8.14,744.96,21.07,8.37,73.28,100,3,2,8.14
1523049600,229.6,63.94,0,100,19.27,5.11,93.06,7.85,745,21.02,8.24,64.07,99.26,2.5,9,7.85
1523049900,229.1,64.69,0,100,19.28,5.11,77.92,7.63,745.07,21,8.13,58.06,87.79,2.3,7.5,7.63
1523050200,228.8,64.5,0,100,19.13,5.11,70.79,7.46,745.11,20.98,7.94,55.27,74.17,2.55,2,7.46
1523050500,228.8,63.94,0,100,18.97,5.11,68.59,7.26,745.16,20.92,7.74,54.24,69.71,2,3.6,7.26
1523050800,228,66.56,0,100,19.11,5.11,68.3,7.09,745.18,20.89,7.56,53.9,67.96,2,8.2,7.09
1523051100,227.6,66.38,0,100,19.06,5.11,68.8,6.96,745.2,20.82,7.47,53.84,68.45,2,2,6.96
1523051400,228,65.63,0,100,18.85,5.11,69.11,6.81,745.24,20.79,7.38,54.27,68.86,2,6,6.81
1523051700,227.7,66,0,100,18.83,5.11,70.61,6.66,745.29,20.73,7.31,54.99,69.67,2,13,6.66
1523052000,226,69.75,0,100,18.9,5.11,71.21,6.57,745.29,20.7,7.26,55.56,70.82,2,9.45,6.57
1523052300,226,70.13,0,100,18.74,5.11,72.31,6.52,745.3,20.64,7.18,56.15,71.81,2,3.6,6.52
1523052600,225.6,70.31,0,100,18.53,5.11,72.35,6.46,745.32,20.58,7.11,56.59,72.43,2,13,6.46
1523052900,226.3,70.69,0,100,18.72,5.11,72.12,6.46,745.29,20.52,7.07,57.02,72.27,2,9.8,6.46
1523053200,227.7,69.38,0,100,18.65,5.11,72.53,6.45,745.27,20.5,7.03,57.35,72.39,1,3.9,6.45
1523053500,228,71.06,0,100,18.41,5.11,73.65,6.43,745.26,20.43,7,57.82,72.77,1.45,3.7,6.43
1523053800,227.9,68.25,0,100,18.44,5.11,75.27,6.39,745.29,20.4,6.98,58.62,74.15,2,6.8,6.39
1523054100,227.7,68.63,0,100,18.63,5.11,77.59,6.37,745.33,20.39,6.94,59.86,75.98,2,3,6.37
1523054400,227.8,69,0,100,18.46,5.11,78.71,6.35,745.33,20.32,6.95,60.96,78.06,2,2.6,6.35
1523054700,228,70.69,0,100,18.35,5.11,78.49,6.41,745.35,20.3,6.91,61.63,78.69,2,6.25,6.41
1523055000,228.7,70.5,0,100,18.37,5.11,79.58,6.42,745.32,20.3,6.86,62.2,78.68,2,2,6.42
1523055300,229.1,69.75,0,100,18.43,5.11,80.69,6.41,745.27,20.24,6.79,62.68,79.83,2,4.3,6.41
1523055600,229.5,68.25,0,100,18.25,5.11,81.02,6.26,745.24,20.2,6.75,62.99,80.91,2,6.65,6.26
1523055900,228.2,71.06,0,100,18.17,5.11,81.42,6.22,745.24,20.15,6.75,63.07,81.18,2,1,6.22
1523056200,228.3,74.06,0,100,18.44,5.11,80.74,6.16,745.23,20.1,6.68,63.06,81.2,1.45,4,6.16
1523056500,229.4,71.44,0,100,18.25,5.11,80.85,6.14,745.21,20.1,6.67,62.97,80.83,1.65,13,6.14
1523056800,229.5,71.25,0,100,18.18,5.11,79.78,6.14,745.22,20.09,6.58,63.08,80.27,2,1,6.14
1523057100,229.8,68.63,0,100,18.2,5.11,80.07,6.12,745.23,20.04,6.54,63.4,79.93,1.65,6,6.12
1523057400,229,71.06,0,100,18.29,5.11,80.02,6.1,745.23,20,6.54,63.59,79.97,2,11,6.1
1523057700,229.1,70.88,0,100,18.05,5.11,80.21,6.07,745.24,20,6.56,63.35,80.14,2,7.1,6.07
1523058000,228.3,72.56,0,100,17.97,5.11,78.62,5.99,745.26,19.98,6.55,62.75,79.49,2,3.1,5.99
1523058300,229.4,69.75,0,100,18.22,5.11,78.4,5.94,745.24,19.92,6.54,61.98,78.38,2,4.85,5.94
1523058600,229.5,112.5,0,100,18.08,5.11,78.53,5.94,745.21,19.9,6.51,61.28,78.51,2,8.7,5.94
1523058900,230.1,90,0,100,17.94,5.11,76.18,5.86,745.2,19.9,6.44,60.9,77.67,1,3.4,5.86
1523059200,229.2,70.13,0,100,17.91,5.11,74.21,5.82,745.2,19.86,6.38,60.9,75.52,1.15,9,5.82
1523059500,227.5,72.19,0,100,18.02,5.11,72.5,5.84,745.21,19.81,6.35,60.44,73.41,1.7,4,5.84
1523059800,227.6,71.63,0,100,17.87,5.11,71.77,5.85,745.2,19.8,6.32,59.37,72.29,2,2,5.85
1523060100,226.3,73.5,0,100,17.78,5.12,70.45,5.82,745.2,19.8,6.29,58.71,71.08,1.2,2.9,5.82
1523060400,226.7,74.44,0,100,17.98,5.11,69.72,5.8,745.2,19.78,6.23,58.85,70.24,1.7,2,5.8
1523060700,227.3,74.63,0,100,17.94,5.11,68.75,5.79,745.2,19.72,6.18,58.85,69.47,1.8,2.05,5.79
1523061000,227.7,73.5,0,100,17.81,5.11,68.04,5.77,745.16,19.7,6.13,58.45,68.45,2,2.8,5.77
1523061300,228,74.63,0,100,17.72,5.11,67.7,5.73,745.13,19.69,6.1,58.2,67.98,2,11,5.73
1523061600,228,74.44,0,100,17.84,5.11,66.89,5.71,745.13,19.62,6.06,58.11,67.43,1.7,10.65,5.71
1523061900,228,71.63,0,100,17.76,5.11,66.69,5.65,745.16,19.6,6.01,58.25,66.78,9,5.45,5.65
1523062200,227.9,72.56,0,100,17.58,5.11,66.4,5.63,745.17,19.6,5.97,58.32,66.65,9.3,5.35,5.63
1523062500,228,73.88,0,100,17.75,5.11,66.45,5.61,745.17,19.56,5.91,58.18,66.37,10.65,2,5.61
1523062800,228,73.5,0,100,17.71,5.11,66.53,5.52,745.15,19.5,5.82,58,66.53,9.65,3.1,5.52
1523063100,228,72.94,0,100,17.55,5.12,66.63,5.45,745.13,19.5,5.79,57.73,66.63,9.3,11,5.45
1523063400,227.9,73.69,0,100,17.43,5.12,65.67,5.39,745.14,19.46,5.74,57.47,66.3,10.8,2,5.39
1523063700,228,73.31,0,100,17.55,5.11,66.01,5.3,745.16,19.4,5.71,57.05,65.81,9.95,4,5.3
1523064000,228,75.75,0,100,17.48,5.11,65.38,5.2,745.11,19.4,5.66,56.57,65.89,9.65,9,5.2
1523064300,228,72.94,0,100,17.33,5.12,65.07,5.15,745.05,19.38,5.62,56.21,65.26,10.7,8.05,5.15
1523064600,228,74.44,0,100,17.36,5.12,64.65,5.09,745.06,19.32,5.6,55.84,64.89,9.7,5.3,5.09
1523064900,228,76.13,0,100,17.48,5.11,64.54,5.06,745.03,19.3,5.59,55.8,64.58,8.6,4.5,5.06
1523065200,228,73.69,0,100,17.37,5.11,64.87,5.04,744.99,19.3,5.52,56.07,64.74,9.85,6.3,5.04
1523065500,228.2,74.63,0,100,17.2,5.12,64.25,4.99,745.01,19.25,5.5,56.11,64.65,9.85,4.65,4.99
1523065800,228,74.25,0,100,17.27,5.11,64.22,4.97,745.02,19.2,5.46,56.25,64.21,8.65,3.8,4.97
1523066100,228.8,72.38,0,100,17.3,5.12,64.25,4.98,745.11,19.2,5.4,56.57,64.26,9.45,5.95,4.98
1523066400,228.5,74.63,0,100,17.16,5.12,64.41,4.97,745.19,19.2,5.41,56.62,64.25,9.85,5.8,4.97
1523066700,228,75.19,0,100,17.19,5.11,65.19,4.98,745.14,19.17,5.38,56.39,64.66,8.85,6.1,4.98
1523067000,228,75.38,0,100,17.37,5.11,65.6,4.87,745.11,19.12,5.31,56.86,65.4,9.55,13,4.87
1523067300,227.9,75.94,0,100,17.21,5.11,65.79,4.8,745.1,19.1,5.25,57.04,65.69,9.7,9.6,4.8
1523067600,227.8,76.13,0,100,17.07,5.11,66.59,4.74,745.1,19.1,5.23,56.98,66.11,9,3,4.74
1523067900,227.9,77.06,0,100,17.14,5.12,67.07,4.67,745.1,19.07,5.15,57.35,66.74,9.5,5,4.67
1523068200,228,75.56,2.23,100,17.16,5.12,68.06,4.61,745.12,19,5.11,57.69,67.59,9.8,6.05,4.61
1523068500,227.8,75.94,7.88,100,17.02,5.12,68.49,4.58,745.17,19,5.14,57.64,68.16,8.85,4,4.58
1523068800,228,75.19,10.54,100,16.94,5.12,68.88,4.55,745.21,19,5.12,57.64,68.64,8.45,4.4,4.55
1523069100,228,73.88,20.38,100,17.13,5.11,68.95,4.51,745.27,18.98,5.13,57.71,68.89,9.8,5.55,4.51
1523069400,228.2,75,27.71,100,16.96,5.12,68.26,4.55,745.33,18.92,5.2,57.72,68.53,9.45,3.4,4.55
1523069700,229.7,74.06,37.62,100,16.84,5.11,68.87,4.7,745.37,18.9,5.27,57.45,68.47,8.85,9,4.7
1523070000,228.3,76.88,58.73,100,16.82,5.12,68.79,4.76,745.36,18.9,5.34,57.24,68.75,9.85,8.35,4.76
1523070300,228.1,78.75,87.91,100,17.01,5.12,68.36,4.76,745.33,18.9,5.42,57.27,68.71,9.5,4.9,4.76
1523070600,228.1,76.5,89.36,100,16.86,5.12,68.93,4.86,745.35,18.89,5.43,57.19,68.46,9,11,4.86
1523070900,227.4,74.63,72.15,100,16.82,5.12,68.33,4.91,745.38,18.85,5.47,57.29,68.86,9.85,9.65,4.91
1523071200,228,75.75,70.66,100,16.99,5.11,67.99,4.94,745.4,18.83,5.44,57.49,68.06,9.55,1,4.94
1523071500,228.2,75.94,67.59,100,16.92,5.11,68.13,4.98,745.4,18.82,5.43,57.59,68.11,8.8,2.15,4.98
1523071800,228,75.38,80.96,100,16.84,5.11,67.91,4.99,745.39,18.8,5.41,57.83,67.97,9.45,3.2,4.99
1523072100,227.2,76.69,135.14,100,16.77,5.12,67.23,5.07,745.36,18.8,5.46,57.96,67.71,9.85,3.4,5.07
1523072400,227.7,76.13,202.43,100,16.91,5.12,66.89,5.09,745.34,18.8,5.52,57.96,67.06,9.15,3.2,5.09
1523072700,227.8,77.06,170.49,100,16.84,5.11,66.83,5.17,745.3,18.8,5.53,57.77,66.89,9.7,6,5.17
1523073000,227.8,76.13,150.39,100,16.76,5.11,67.2,5.2,745.28,18.8,5.54,57.6,67.02,9.9,1,5.2
1523073300,228,75.38,246.75,100,16.92,5.11,66.26,5.22,745.24,18.8,5.6,57.7,66.89,9,1.65,5.22
1523073600,227.9,77.44,373.82,100,16.9,5.11,66.62,5.26,745.24,18.76,5.68,57.79,66.44,9.3,4.35,5.26
1523073900,227.7,76.13,414.33,100,16.77,5.11,66.23,5.26,745.25,18.74,5.73,57.67,66.53,10,4,5.26
1523074200,227.9,75.75,444.7,100,16.7,5.11,66.22,5.26,745.27,18.74,5.79,57.69,66.16,9,3,5.26
1523074500,227.6,76.88,453.18,100,16.88,5.11,66.56,5.29,745.3,18.71,5.76,57.73,66.39,8.3,4.85,5.29
1523074800,227.4,76.13,608.13,100,16.79,5.12,67.26,5.22,745.34,18.74,5.64,57.78,66.85,12.6,9.2,5.22
1523075100,228,76.31,720.1,100,16.73,5.11,67.13,5.22,745.32,18.85,5.65,57.94,67.32,28,13.5,5.22
1523075400,227.5,75.75,744.31,100,17.06,5.11,66.84,5.35,745.33,18.96,5.77,57.87,66.91,38.25,11.65,5.35
1523075700,227.6,75.75,792.14,100,17.26,5.11,67.28,5.37,745.33,19.08,5.77,57.7,66.98,30.5,4,5.37
1523076000,228,77.06,931.89,100,17.13,5.11,67.78,5.31,745.34,19.06,5.75,57.65,67.33,19.7,1,5.31
1523076300,225.9,78.56,881.87,100,16.87,5.11,68.49,5.29,745.4,18.94,5.73,57.77,68.07,13.45,2.4,5.29
1523076600,225.7,76.31,1320.64,100,16.87,5.11,67.93,5.31,745.47,18.79,5.76,57.73,68.29,12.2,5.25,5.31
1523076900,226.2,78,1416.59,100,16.68,5.12,68.32,5.37,745.48,18.65,5.85,57.53,68.04,10.35,1,5.37
1523077200,225.7,77.63,1182.1,100,16.45,5.11,67.13,5.48,745.46,18.57,5.92,57.53,68.07,8.65,1.65,5.48
1523077500,227.3,80.81,1190.58,100,16.33,5.12,66.95,5.53,745.44,18.36,5.96,57.61,67.06,9.2,7.2,5.53
1523077800,226.3,79.69,1031,100,16.28,5.11,66.97,5.64,745.44,18.15,5.98,57.52,66.94,10.1,1,5.64
1523078100,223.9,81,1520.11,100,16.16,5.11,67.74,5.75,745.44,18.12,6.05,57.52,67.21,9.3,4,5.75
1523078400,224.3,79.31,2502.99,100,16.1,5.12,68.01,5.77,745.47,18.19,6.11,57.58,67.93,10,11,5.77
1523078700,225.7,78.75,2977.5,100,16.3,5.12,67.21,5.94,745.51,18.23,6.18,57.64,67.66,11,2,5.94
1523079000,224.3,80.81,2900.83,100,16.41,5.12,67.5,6.18,745.58,18.33,6.19,57.94,67.11,10.45,3.4,6.26
1523079300,225.1,80.44,1737.3,100,16.36,5.12,69.67,6.17,745.71,18.4,6.14,58.52,68.33,10.9,9,6.26
1523079600,226.7,78,1443.58,100,16.44,5.11,70.74,6.06,745.78,18.46,6.01,59.33,70.05,12,4,6.06
1523079900,226.3,77.25,1979.73,100,16.69,5.11,72.2,5.9,745.81,18.5,5.86,60.06,71.25,11.8,3.55,5.9
1523080200,225.3,77.06,2891.91,100,16.64,5.11,71.7,5.78,745.85,18.57,5.78,60.54,72.27,11,4.85,5.82
1523080500,224.4,87.94,3436.27,100,16.64,5.11,67.18,5.82,745.89,18.66,5.9,60.31,70.31,12.4,4,6.36
1523080800,225.7,92.63,3490.63,100,16.85,5.11,65.59,5.98,745.96,18.8,6.1,59.64,66.68,12.5,4.05,6.99
1523081100,224.8,77.81,3058.45,100,17.06,5.11,63.46,6.15,746.03,18.96,6.23,58.89,64.43,11.3,6,7.2
1523081400,222.3,77.06,2499.36,100,17,5.11,64.63,6.27,746.08,19.07,6.32,58.19,63.69,12.7,7.2,7.1
1523081700,224.7,75,2759.39,100,17.05,5.11,66.37,6.33,746.13,19.1,6.31,57.99,65.19,12.45,1,6.91
1523082000,225.3,75,2346.18,100,17.29,5.11,66.77,6.28,746.22,19.1,6.24,58.32,66.5,10.95,6,6.8
1523082300,224.9,75,2081.11,100,17.22,5.11,67.71,6.23,746.32,19.23,6.28,57.81,67.27,16.2,13.45,6.41
1523082600,226.8,72.56,2562.11,100,17.59,5.11,67.77,6.04,746.41,19.74,6.2,57.05,67.73,29,17.05,6.04
1523082900,224.9,75.19,2630.03,100,18.09,5.11,68.28,5.97,746.51,20.16,6.06,57.27,67.92,35.75,6.4,5.97
1523083200,223.8,77.63,3268.91,100,18.22,5.11,67.37,5.96,746.62,20.11,5.93,57.25,68.05,27.5,13,6
1523083500,225.7,76.13,3514.25,100,17.93,5.11,66.16,5.94,746.71,19.91,5.95,56.82,66.8,18.45,2,6.17
1523083800,225.8,74.63,5167.09,100,17.73,5.11,65.03,5.93,746.75,19.76,5.89,56.69,65.63,14.25,4.05,6.28
1523084100,224.8,74.44,4615.84,100,17.88,5.11,64.83,5.89,746.78,19.67,5.91,56.64,65.03,12.3,6.9,6.5
1523084400,224.2,76.31,3041.53,100,17.73,5.11,63.87,5.94,746.79,19.61,5.98,56.52,64.46,13.3,1,6.6
1523084700,224.3,73.5,3070.13,100,17.55,5.11,64.51,6,746.8,19.58,6.03,56.23,64.06,11.85,4,6.5
1523085000,225,73.5,4463.68,100,17.44,5.11,63.71,6.02,746.85,19.52,5.98,55.97,64.25,10.95,9,6.36
1523085300,224.8,73.88,11491.11,100,17.64,5.11,62.1,5.97,746.9,19.5,5.99,55.8,63.38,11.85,7.65,6.43
1523085600,224.9,75.38,15034.55,100,17.57,5.11,57.87,6.06,746.94,19.58,6.2,55.2,60.62,10.85,2,7.18
1523085900,224.9,73.88,15853.69,100,17.62,5.11,56.05,6.29,746.97,19.74,6.4,54.11,56.64,11.15,9,7.77
1523086200,224,72.56,17050.57,100,17.99,5.11,54.73,6.41,747.06,19.94,6.38,53.41,55.54,12,7.1,7.99
1523086500,223.2,73.88,8431.84,100,18.12,5.11,54.12,6.32,747.13,20.12,6.25,53.24,54.46,11.3,2,7.97
1523086800,223.1,74.25,6784.31,100,18.13,5.11,54.5,6.25,747.21,20.22,6.27,52.89,54.05,10.1,9,7.71
1523087100,223.1,73.5,11832.67,100,18.06,5.11,56.04,6.29,747.24,20.27,6.32,52.32,55.3,11.3,6.65,7.5
1523087400,223.4,73.31,16228.29,100,18.38,5.11,50.48,6.41,747.31,20.35,6.57,51.69,54.28,12,4.65,8.32
1523087700,223,72.38,4477.42,100,18.49,5.11,48.58,6.7,747.43,20.53,6.81,51.19,49.57,11.3,9,9.34
1523088000,222.8,73.13,4331.88,100,18.56,5.11,50.17,6.81,747.51,20.7,6.79,51.01,49.15,14,8.3,9.07
1523088300,224.1,72.19,3857.61,100,18.81,5.11,51.89,6.78,747.54,20.75,6.81,51.01,51.19,16,2,8.34
1523088600,224.2,72.19,3545.25,100,18.81,5.11,52.2,6.82,747.54,20.63,6.86,50.76,52.04,14.7,2.55,8.01
1523088900,224.1,71.06,2662.92,100,18.53,5.11,52.96,6.84,747.55,20.49,6.82,50.41,52.51,14,11,7.84
1523089200,222.4,74.25,1917.39,100,18.27,5.11,54.33,6.79,747.55,20.36,6.74,50.79,53.27,12.65,8.05,7.61
1523089500,222.6,74.81,1994.69,100,18.38,5.11,55.38,6.71,747.56,20.26,6.67,51.45,54.57,13.15,4.75,7.4
1523089800,223.1,74.06,2064.68,100,18.51,5.11,56.59,6.67,747.59,20.41,6.66,52.1,55.78,24.3,25,7.24
1523090100,222.6,72.94,2328.15,100,18.81,5.11,58.29,6.68,747.62,20.85,6.7,52.88,57.12,32.15,15.05,7.04
1523090400,222.1,74.63,2477.93,100,18.99,5.11,59.06,6.71,747.64,20.89,6.74,53.63,58.4,27.15,4.9,7
1523090700,222.5,73.69,2657.97,100,18.89,5.11,60.48,6.77,747.68,20.59,6.81,54.04,59.54,16.5,9,7.01
1523091000,221.8,74.06,2668.41,100,18.46,5.11,60.63,6.8,747.73,20.34,6.78,54.11,60.56,14.4,6.7,6.99
1523091300,221.5,76.13,2655.73,100,18.19,5.11,61.42,6.78,747.73,20.17,6.81,54.27,60.94,11.85,4,7.01
1523091600,223.8,73.31,2767.29,100,18.17,5.11,61.13,6.85,747.72,20.06,6.91,54.36,61.32,11.3,2.7,7.01
1523091900,224.6,73.31,4201.01,100,18.1,5.11,59.85,7,747.71,19.97,7.13,54.21,60.64,12,5.7,7.22
1523092200,224.7,74.25,5669.76,100,17.89,5.11,57.5,7.24,747.71,19.92,7.41,53.62,59.14,11.45,4.7,7.72
1523092500,225.3,72.38,4682.38,100,17.99,5.11,55.61,7.47,747.75,19.95,7.54,53.17,56.6,10.45,9,8.16
1523092800,225.6,72.56,6720.08,100,18.16,5.11,56.04,7.55,747.72,20,7.59,53.07,55.7,10.6,7.05,8.16
1523093100,226,71.81,8066.28,100,18.03,5.11,54.92,7.64,747.72,20,7.73,52.9,55.72,11.9,2,8.35
1523093400,225.1,73.13,4334.59,100,18.01,5.11,55.46,7.82,747.76,20.06,7.92,52.74,54.74,10.5,6,8.69
1523093700,225.2,71.44,2896.25,100,18.13,5.11,57.19,7.89,747.81,20.09,7.8,52.98,56.04,11.25,5.65,8.5
1523094000,224.9,73.5,2699.11,100,18.18,5.11,58.08,7.72,747.86,20.03,7.64,53.47,57.52,11.8,1,8.11
1523094300,224.5,72.94,2639.25,100,17.98,5.11,59.36,7.64,747.91,20,7.66,53.61,58.46,11,1.95,7.94
1523094600,224.2,73.69,2504.94,100,17.9,5.11,59.15,7.7,747.94,19.97,7.76,53.41,59.66,11.35,11,7.97
1523094900,223.4,75,2671.64,100,18.08,5.11,58.33,7.76,748,19.91,7.76,53.4,58.88,12,2,8.13
1523095200,225.4,72.38,3096.49,100,17.97,5.11,59.3,7.77,748.04,19.9,7.81,53.55,58.78,11.5,1.65,8.12
1523095500,225.7,72,3868.86,100,17.86,5.11,58.67,7.88,748.08,19.9,8.06,53.29,59.21,10.85,6,8.23
1523095800,224.8,70.88,4495.67,100,17.89,5.11,57.28,8.17,748.12,19.9,8.27,52.85,58.04,12.7,4,8.54
1523096100,224.1,72.19,4525.34,100,18.01,5.11,57.21,8.24,748.17,19.91,8.18,52.97,57.23,12.5,3.15,8.53
1523096400,224.5,72,4829.96,100,17.88,5.11,57.86,8.16,748.24,19.93,8.12,53.2,57.43,11.15,3.2,8.54
1523096700,225.5,71.44,3414.71,100,17.83,5.11,58.71,8.09,748.32,19.97,8.04,53.46,58.13,12.3,5.45,8.48
1523097000,225.3,72.56,2932.11,100,18.12,5.11,58.98,8.01,748.38,19.99,7.97,53.85,58.79,12.5,3.9,8.32
1523097300,225.9,70.31,2516.41,100,18.03,5.11,59.47,7.99,748.44,19.95,8.01,54.04,59.2,11.2,6,8.3
1523097600,225.8,70.31,2243.82,100,17.86,5.11,59.36,8.03,748.5,19.9,8.06,54.15,59.45,12.4,8.15,8.28
1523097900,224.4,71.06,2440.77,100,17.79,5.11,60.02,8.07,748.56,19.9,8.09,54.22,59.66,12.15,2,8.22
1523098200,224.8,71.81,2639.31,100,18.02,5.11,60.48,8.1,748.66,19.9,8.1,54.38,60.27,11.6,3,8.22
1523098500,224.5,70.31,3182.53,100,17.87,5.11,61.49,8.1,748.74,19.9,8.1,54.77,60.94,12,5.85,8.22
1523098800,224.4,69.94,4171.8,100,17.74,5.11,60.96,8.09,748.81,19.9,8.13,54.91,61.4,12,2,8.31
1523099100,223.9,71.63,4527.5,100,17.96,5.11,61,8.17,748.9,19.9,8.22,54.8,60.81,11.05,2.7,8.51
1523099400,223,71.25,4850.82,100,17.98,5.11,60.64,8.21,749,19.9,8.19,54.9,60.9,11.6,11,8.58
1523099700,223.4,70.88,4709.6,100,17.89,5.11,60.18,8.16,749.07,19.94,8.12,55.1,60.2,13,7,8.77
1523100000,224.5,72.56,4110.42,100,17.86,5.11,60.94,8.1,749.13,19.99,8.1,55.36,60.64,12.5,3.7,8.64
1523100300,224.9,71.81,3903.89,100,18.06,5.11,60.36,8.11,749.23,20,8.12,55.44,60.68,12.15,9,8.68
1523100600,223.9,71.63,2458.36,100,17.96,5.11,60.41,8.12,749.3,20,8.1,55.65,60.23,13,9.35,8.73
1523100900,224.1,69.94,1939.55,100,17.85,5.11,61.49,8.04,749.35,20,7.97,56.09,60.85,12.15,4.45,8.54
1523101200,223.9,73.5,1991.15,100,18.04,5.11,62.97,7.97,749.41,19.99,7.97,56.28,62.08,12.7,5.7,8.25
1523101500,223.9,70.69,2064.4,100,18.1,5.11,63.63,7.96,749.47,19.93,7.94,56.41,63.17,13,4,8.06
1523101800,223,72.56,2520.75,100,17.93,5.11,63.99,7.94,749.49,19.92,7.91,56.58,63.65,12.5,2,8.04
1523102100,223.1,72.75,3470.64,100,17.87,5.11,64.66,7.93,749.51,19.98,7.95,56.77,64.32,11.9,6,8.1
1523102400,223.9,87,3473.7,100,18.02,5.11,63.18,7.96,749.56,20,7.98,56.93,64.02,13.3,10.1,8.26
1523102700,223.9,81.38,2414.16,100,18.02,5.11,63.33,7.99,749.62,20,8.05,56.97,63.17,13.25,5.65,8.35
1523103000,225.2,69.38,2016.94,100,17.88,5.11,64.31,8.1,749.67,20,8.14,56.76,63.76,11.45,3.9,8.33
1523103300,225.5,69,1635.13,100,17.96,5.11,65.23,8.07,749.72,20,7.95,57.01,64.6,12.65,7.1,8.17
1523103600,224.1,72.38,1991.77,100,18.07,5.11,66.48,7.84,749.79,19.95,7.72,57.76,66.04,13,4.05,7.93
1523103900,225.3,68.63,2576.61,100,17.89,5.11,66.58,7.72,749.83,19.92,7.73,58.15,66.46,13,6,7.99
1523104200,224.5,68.63,2796.23,100,17.81,5.11,66.57,7.77,749.87,19.94,7.81,58.19,67.09,13.5,6.5,8.15
1523104500,225.3,68.25,2863.44,100,17.93,5.11,65.13,7.83,749.94,19.97,7.85,58.09,65.97,13.85,8.5,8.35
1523104800,224.2,69.19,2166.57,100,18.01,5.11,65.13,7.86,750.04,20,7.88,57.93,65.05,13.4,3.4,8.37
1523105100,224.8,70.13,2111.5,100,17.84,5.11,66.04,7.89,750.13,19.97,7.89,57.88,65.53,13,4.65,8.24
1523105400,225.8,68.44,3152.25,100,17.83,5.11,67.11,7.87,750.2,19.92,7.79,58.4,66.27,14.15,2,8.09
1523105700,225.3,71.25,3976.75,100,18.06,5.11,66.52,7.79,750.23,19.96,7.8,58.82,66.93,13.05,3.3,8.12
1523106000,223.8,72.56,3103.04,100,18,5.11,65.5,7.82,750.26,20,7.84,58.45,65.92,12.3,9,8.33
1523106300,224.1,70.13,1911.84,100,17.91,5.11,65.9,7.81,750.27,20,7.77,58.21,65.73,13.5,6.2,8.21
1523106600,224.5,71.63,1249.38,100,17.96,5.11,67.2,7.73,750.29,20,7.67,58.48,66.41,12.45,6,7.99
1523106900,223.8,72.75,1062.36,100,18.01,5.11,67.78,7.65,750.34,19.98,7.64,58.8,67.42,12.5,9,7.84
1523107200,224.9,69.38,1335.31,100,17.88,5.11,67.59,7.69,750.42,19.92,7.81,58.46,67.81,13.3,8.3,7.76
1523107500,225.5,69.19,1373.35,100,18.02,5.11,66.47,7.87,750.45,20.06,7.96,57.56,67.27,18.65,5.5,7.87
1523107800,224.9,70.31,1169.57,100,18.46,5.11,65.16,7.95,750.57,20.26,7.97,56.86,65.9,21.15,5.1,7.95
1523108100,224.3,68.63,1043.15,100,18.38,5.11,66.64,7.76,750.78,20.28,7.78,57.08,65.78,20.5,8.55,7.76
1523108400,223.8,105,1252.94,100,18.18,5.11,67.39,7.57,750.82,20.18,7.6,57.77,66.93,19.4,6.5,7.57
1523108700,223.8,70.31,1389.32,100,18.1,5.11,67.83,7.53,750.84,20.1,7.55,58.18,67.58,15.4,3.7,7.53
1523109000,225.2,68.06,1247.58,100,18.17,5.11,67.15,7.56,750.89,20.02,7.61,58.23,67.53,14.5,7.2,7.56
1523109300,224.8,68.81,1142.78,100,18.01,5.11,67.07,7.61,750.97,20,7.75,57.8,67.26,13.9,2,7.61
1523109600,223.9,71.81,1339.45,100,17.91,5.11,66.41,7.57,751.02,19.96,7.75,57.34,66.95,12.2,2.7,7.57
1523109900,224.6,70.69,1639.08,100,18.15,5.11,64.77,7.56,751.06,19.9,7.69,56.74,65.84,12.5,11,7.56
1523110200,223.4,76.69,1585.07,100,18.02,5.11,63.72,7.62,751.07,19.9,7.7,55.85,64.33,12.85,7.45,7.62
1523110500,223.9,70.5,1548.91,100,17.95,5.11,62.45,7.63,751.09,19.9,7.72,54.75,63.11,12.05,3.4,7.63
1523110800,225.4,71.06,1425.39,100,17.87,5.11,61.11,7.57,751.14,19.9,7.75,53.92,61.82,11.05,3.9,7.57
1523111100,224.1,70.31,1080.82,100,18.07,5.11,59.87,7.47,751.2,19.9,7.77,52.91,60.65,12.7,5.75,7.47
1523111400,223.8,71.06,941.97,100,17.95,5.11,58.43,7.37,751.26,19.9,7.67,51.89,59.24,12.4,3.4,7.37
1523111700,223.8,69.75,926.2,100,17.79,5.11,58.11,7.19,751.29,19.9,7.6,51,58.33,11.5,3.5,7.19
1523112000,223.1,70.31,1028.74,100,18.01,5.11,56.87,7.1,751.32,19.9,7.96,49.54,57.49,13.35,6.75,7.1
1523112300,224.1,68.44,1019.85,100,18.13,5.11,56.62,7.19,751.36,19.99,8.37,47.97,56.73,15.05,3.4,7.19
1523112600,224.5,71.25,948.17,100,18.16,5.11,54.33,7.31,751.43,20.16,8.55,46.44,55.95,17.15,16,7.31
1523112900,224.4,69.94,895.75,100,18.25,5.11,51.88,7.4,751.49,20.46,8.54,44.53,53.09,22.95,14.7,7.4
1523113200,223.8,69.38,749.64,100,18.69,5.11,50.88,7.43,751.57,20.6,8.34,43.82,51.32,27,8.1,7.43
1523113500,225.5,67.88,705.19,100,18.58,5.11,50.79,7.37,751.64,20.47,8.19,43.88,50.82,23.45,11,7.37
1523113800,224.7,69.19,699.73,100,18.36,5.11,50.98,7.26,751.7,20.4,8.49,42.7,50.96,22.5,8.65,7.26
1523114100,224.5,67.69,657.07,100,18.45,5.11,49.8,7.2,751.75,20.4,8.71,41.47,50.5,19.65,2,7.2
1523114400,225.1,67.69,606.15,100,18.48,5.11,49.54,7.14,751.84,20.34,8.51,41.52,49.68,16.75,9,7.14
1523114700,225.5,67.13,561.34,100,18.38,5.11,49.3,7.08,751.9,20.29,8.32,41.72,49.4,15.8,8.25,7.08
1523115000,224.5,67.69,505.81,100,18.21,5.11,49.06,7.05,751.97,20.29,8.23,41.62,49.11,17.85,2,7.05
1523115300,224.2,68.81,459.93,100,18.46,5.11,48.85,7.02,752.04,20.38,8.16,41.63,48.99,17.9,2.6,7.02
1523115600,224.2,68.63,400.14,100,18.44,5.11,48.45,6.93,752.08,20.37,7.89,41.83,48.57,16.65,7.65,6.93
1523115900,224.5,69.38,343.97,100,18.23,5.11,48.15,6.89,752.08,20.27,7.68,42.21,48.35,16.15,10.95,6.89
1523116200,224.6,72.75,308.63,100,18.29,5.11,48.01,6.87,752.09,20.26,7.76,41.64,48.11,16.9,3.6,6.87
1523116500,224,71.81,276.03,100,18.43,5.11,47.74,6.84,752.14,20.42,7.86,40.82,47.99,18.4,16,6.84
1523116800,223.8,69.94,239.17,100,18.45,5.11,47.63,6.82,752.18,20.51,7.84,40.76,47.67,19.85,6,6.82
1523117100,222.8,73.5,195.89,100,18.31,5.11,48.76,6.72,752.2,20.36,7.79,40.86,48.15,17.85,2,6.72
1523117400,223.6,70.5,147.11,100,18.27,5.11,48.77,6.64,752.25,20.17,7.59,41.19,48.76,12.8,3.5,6.64
1523117700,224.7,70.13,102.86,100,18.07,5.11,48.66,6.53,752.28,19.95,7.41,41.23,48.72,12.35,2,6.53
1523118000,224.1,73.13,68.33,100,17.77,5.11,47.71,6.5,752.36,19.8,7.4,40.75,48.28,11.5,2.25,6.5
1523121600,226,71.25,0,100,17.66,5.11,47.31,6.1,753.24,19.38,6.8,40.6,47.31,10,2,6.1
1523121900,225.5,108.75,0,100,17.51,5.11,47.43,6.08,753.26,19.35,6.8,41.2,47.32,9.75,2.7,6.08
1523122200,223.8,77.25,0,100,17.28,5.11,47.88,6.01,753.34,19.27,6.76,41.31,47.57,9.15,6,6.01
1523122500,224.5,72,0,100,17.1,5.11,48.25,5.91,753.4,19.16,6.81,41.37,47.96,9.85,6.6,5.91
1523122800,224.1,78,0,100,17.18,5.11,49.15,5.84,753.44,19.04,6.76,41.73,48.68,9.05,4.5,5.84
1523123100,224.7,75,0,100,17.04,5.11,49.84,5.81,753.52,18.94,6.78,41.6,49.48,8.3,9,5.81
1523123400,224.8,76.69,0,100,16.84,5.11,49.53,5.82,753.58,18.87,6.78,41.74,49.7,9.5,4,5.82
1523123700,225.9,73.69,0,100,16.76,5.11,49.85,5.8,753.64,18.81,6.7,41.96,49.63,9.65,3.75,5.8
1523124000,225.8,73.13,0,100,16.92,5.11,49.78,5.77,753.7,18.8,6.69,42.07,49.85,8.3,4,5.77
1523124300,226.1,90.38,0,100,16.8,5.11,50.03,5.66,753.77,18.78,6.63,42.38,49.87,9.35,4.6,5.66
1523124600,225.9,74.06,0,100,16.68,5.11,50.26,5.58,753.81,18.69,6.63,42.53,50.15,9.15,4,5.58
1523124900,225.4,72.19,0,100,16.85,5.11,50.51,5.55,753.84,18.69,6.55,43.06,50.44,25,11,5.55
1523125200,225.5,75.19,0,100,17.23,5.11,50.38,5.5,753.89,19.09,6.39,44.25,50.46,24.7,8.5,5.5
1523125500,225.1,74.44,0,100,17.28,5.11,50.6,5.47,753.93,19.2,6.35,44.84,50.35,25.2,2,5.47
1523125800,224.9,74.44,0,100,17.04,5.11,51.52,5.39,753.96,19.01,6.3,44.87,51.04,18.4,3.4,5.39
1523126100,226.4,72.75,0,100,17.03,5.11,51.61,5.33,754.01,18.87,6.26,45.07,51.49,13.15,9,5.33
1523126400,225.8,73.13,0,100,16.88,5.11,51.7,5.3,754.1,18.78,6.26,45.35,51.65,12.55,1,5.3
1523126700,225.9,74.44,0,100,16.72,5.11,52.41,5.26,754.14,18.71,6.25,45.45,51.98,10.55,1.8,5.26
1523127000,225.7,73.69,0,100,16.8,5.11,53.43,5.19,754.19,18.7,6.25,45.58,52.95,10.65,6,5.19
1523127300,225,74.81,0,100,16.86,5.11,53.35,5.2,754.23,18.68,6.24,45.96,53.36,12.4,1,5.2
1523127600,226.3,73.5,0,100,16.68,5.11,53.62,5.23,754.25,18.62,6.17,46.5,53.33,12.1,1.5,5.23
1523127900,226.7,74.25,0,100,16.57,5.12,54.51,5.22,754.27,18.6,6.14,46.77,53.9,10.65,9,5.22
1523128200,227.7,71.06,0,100,16.72,5.11,54.63,5.25,754.28,18.6,6.13,46.93,54.49,11.35,4,5.25
1523128500,228,72.19,0,100,16.68,5.12,54.77,5.21,754.29,18.59,6.11,47.06,54.67,11.85,4.2,5.21
1523128800,227.8,70.13,0,100,16.54,5.12,54.43,5.12,754.29,18.54,6.1,46.95,54.63,12,6,5.12
1523129100,226.6,70.69,0,100,16.58,5.12,54.47,5.11,754.35,18.5,6.05,46.91,54.46,11.85,6.3,5.11
1523129400,226.2,71.63,0,100,16.73,5.11,54.5,5.12,754.41,18.5,5.99,47.13,54.49,10.85,2,5.12
1523129700,225.9,73.69,0,100,16.59,5.11,54.43,5.11,754.45,18.5,5.97,47.17,54.47,9.3,3.6,5.11
1523130000,226.8,69.19,0,100,16.48,5.12,54.55,5.11,754.52,18.5,5.95,47.08,54.48,10,5.75,5.11
1523130300,226.9,69,0,100,16.56,5.12,54.61,5.07,754.57,18.45,5.98,47.04,54.51,10.3,2,5.07
1523130600,226.5,70.69,0,100,16.57,5.12,54.43,5.05,754.6,18.4,5.95,46.95,54.56,9.3,3,5.05
1523130900,227.7,69.56,0,100,16.47,5.12,54.02,5.01,754.64,18.4,5.94,46.73,54.17,9.5,5.45,5.01
1523131200,227.8,68.25,0,100,16.45,5.11,54.08,4.99,754.69,18.4,5.89,47.08,54.07,9.85,6.05,4.99
1523131500,227.7,68.63,0,100,16.61,5.11,53.65,4.95,754.73,18.4,5.82,47.17,53.92,9,4,4.95
1523131800,227.3,69.38,0,100,16.44,5.11,53.73,4.92,754.8,18.4,5.76,46.98,53.71,9.55,11,4.92
1523132100,226.3,73.31,0,100,16.37,5.11,53.95,4.89,754.81,18.38,5.76,46.8,53.71,10,6,4.89
1523132400,224.4,73.88,0,100,16.35,5.12,54.31,4.87,754.82,18.34,5.79,46.54,54.07,9.85,3.05,4.87
1523132700,224.8,74.25,0,100,16.5,5.12,53.85,4.84,754.86,18.33,5.86,46.03,54.2,9,9,4.84
1523133000,223.6,75.75,0,100,16.36,5.12,53.38,4.83,754.89,18.32,5.88,45.25,53.68,9.9,6.45,4.83
1523133300,224.8,76.5,0,100,16.3,5.12,53.28,4.84,754.91,18.3,5.91,44.61,53.29,9.25,2.05,4.84
1523133600,226.1,74.25,0,100,16.5,5.11,52.7,4.83,754.92,18.3,5.89,44.29,53.14,8.65,9,4.83
1523133900,227,72.94,0,100,16.38,5.12,52.4,4.85,754.92,18.3,5.91,43.7,52.58,9.7,5.6,4.85
1523134200,227.3,74.06,0,100,16.29,5.11,51.7,4.87,754.91,18.3,5.97,43.15,52.25,9.35,1.85,4.87
1523134500,227.7,73.13,0,100,16.32,5.12,51.27,4.85,754.93,18.3,5.95,43,51.55,9,9,4.85
